user_id,active_days,last_login_days,order_count,avg_order_amount,coupon_used,complaint_count,page_views_30d,cart_count_30d,pay_count_30d,member_level,churn
100001,37.6,0.3,2,241.57,1,0,39,0,1,1,0
100002,27.3,6.2,1,92.33,0,0,51,5,3,1,0
100003,25.9,26.7,7,78.46,0,0,65,3,1,1,1
100004,25.9,13.1,4,361.02,0,0,39,2,5,1,0
100005,60.8,7.7,3,444.7,0,0,72,2,2,1,0
100006,42.7,8.4,3,462.78,1,0,60,2,2,1,0
100007,22.7,0.0,3,71.9,0,0,67,2,4,1,0
100008,38.5,6.4,3,151.36,1,1,18,4,0,1,0
100009,33.2,18.7,1,745.63,0,0,41,2,0,1,0
100010,8.7,65.8,1,129.8,0,2,35,3,1,1,1
100011,16.4,33.8,3,70.64,0,0,16,2,1,0,0
100012,34.4,0.4,0,168.16,0,0,97,4,1,0,0
100013,58.0,41.2,3,46.02,0,0,69,6,4,0,0
100014,26.0,27.5,3,63.06,0,0,22,5,2,2,1
100015,21.8,27.3,0,159.93,0,1,83,4,0,2,0
100016,31.1,11.0,2,163.81,0,0,46,3,3,1,0
100017,21.1,9.1,1,59.56,0,0,57,5,1,0,0
100018,25.1,6.5,2,460.28,0,0,35,0,3,0,0
100019,29.1,1.2,4,177.44,0,0,72,4,4,2,0
100020,15.9,4.7,4,185.38,1,0,45,2,4,2,0
100021,43.8,5.1,1,177.8,0,2,58,3,0,0,0
100022,14.3,11.9,3,227.26,1,0,75,4,4,2,0
100023,13.3,24.8,3,604.42,0,0,62,6,0,0,0
100024,32.5,11.6,2,321.59,1,0,39,4,0,0,0
100025,42.2,1.1,2,238.93,0,1,45,2,0,1,0
100026,32.0,57.0,3,109.59,1,0,68,3,1,1,0
100027,27.6,51.5,2,134.11,0,0,9,1,4,2,0
100028,25.0,27.7,3,183.04,1,0,41,5,1,0,0
100029,22.8,85.5,2,175.55,0,0,47,4,2,0,0
100030,48.7,14.2,1,314.42,0,0,54,2,1,0,0
100031,34.6,59.2,0,65.47,1,0,35,4,5,0,0
100032,23.8,1.4,3,377.5,0,0,45,2,1,1,0
100033,20.1,8.2,4,198.52,0,0,51,3,1,0,0
100034,39.7,4.6,4,95.06,0,1,50,2,1,0,0
100035,48.1,3.9,3,241.76,1,1,50,0,1,0,0
100036,46.0,2.7,3,197.58,1,0,39,1,2,1,0
100037,18.3,17.5,6,141.31,0,2,52,3,0,1,0
100038,24.8,27.4,4,172.15,1,0,81,3,1,1,0
100039,22.6,15.5,4,409.02,0,0,45,7,2,0,0
100040,26.6,2.9,5,584.8,0,0,51,3,4,0,0
100041,43.6,30.0,1,244.54,1,0,45,2,4,0,0
100042,55.4,18.2,4,387.89,1,1,79,3,3,0,0
100043,35.2,8.8,2,343.37,1,0,41,5,4,0,0
100044,20.5,20.2,4,408.27,0,0,30,4,1,0,0
100045,28.8,5.4,5,214.63,0,0,63,4,6,1,0
100046,60.4,7.6,2,358.8,0,0,40,0,4,3,0
100047,30.7,44.9,4,295.38,0,0,61,4,2,0,0
100048,25.0,6.2,1,142.16,0,0,37,9,1,2,0
100049,26.1,11.4,2,360.4,1,0,27,1,1,0,0
100050,35.2,39.8,4,154.71,1,0,46,2,2,1,0
100051,18.6,22.1,1,549.09,0,1,23,2,3,1,0
100052,22.3,1.2,1,137.24,0,0,53,3,2,2,0
100053,45.7,2.9,0,167.32,1,0,66,4,1,0,0
100054,34.7,0.1,3,132.25,0,0,100,6,4,0,0
100055,30.8,17.9,3,584.4,1,0,37,8,1,0,0
100056,46.8,10.7,4,546.27,0,0,33,2,3,0,0
100057,19.8,2.6,2,243.69,0,1,66,6,5,2,0
100058,24.6,57.0,3,154.04,1,0,64,4,0,2,0
100059,34.1,13.6,6,275.53,0,0,66,8,3,1,0
100060,33.5,5.0,2,136.61,0,0,101,0,3,1,0
100061,12.6,12.5,2,184.46,0,0,47,1,2,2,0
100062,23.3,20.5,2,328.69,1,0,110,6,0,0,0
100063,26.9,1.4,4,185.97,1,0,40,2,4,0,0
100064,36.0,5.8,1,239.01,0,0,34,3,6,2,0
100065,33.5,29.6,4,334.29,0,1,33,1,2,0,1
100066,28.2,11.1,3,338.67,1,1,32,3,2,0,0
100067,8.7,14.2,3,170.44,0,0,103,1,1,0,0
100068,28.9,10.2,5,150.01,1,0,77,2,1,1,0
100069,30.3,0.8,3,338.04,0,1,99,4,1,1,1
100070,85.6,3.3,1,223.18,0,0,18,6,2,0,0
100071,26.5,10.6,1,364.72,1,0,25,2,2,1,0
100072,34.2,4.2,3,148.55,0,1,40,2,1,2,1
100073,50.6,0.9,5,182.11,1,0,38,2,2,2,0
100074,42.4,33.4,4,379.08,0,0,52,4,4,1,0
100075,56.5,71.5,2,174.29,0,0,47,3,2,2,0
100076,12.7,28.4,7,20.0,1,0,28,6,0,2,0
100077,16.6,34.6,0,361.08,0,0,36,3,2,0,0
100078,21.5,5.0,4,287.44,1,0,42,2,2,0,0
100079,11.4,58.2,2,174.2,0,1,26,2,2,1,0
100080,30.4,3.9,3,590.36,0,0,44,5,2,0,0
100081,17.4,54.4,1,113.7,1,0,27,3,3,0,1
100082,60.1,94.7,3,242.89,0,2,43,7,0,1,1
100083,18.9,22.4,1,220.73,1,0,30,2,4,0,0
100084,24.7,71.5,3,67.08,0,0,69,4,1,0,1
100085,43.6,15.2,6,200.24,0,1,56,2,0,1,0
100086,14.2,5.4,3,451.9,0,0,55,2,1,1,0
100087,11.0,10.3,2,205.07,0,1,63,2,0,2,0
100088,32.3,16.2,1,196.26,0,1,57,4,1,1,0
100089,33.5,1.4,4,484.38,0,0,69,3,3,1,0
100090,43.0,17.5,4,96.38,0,0,50,6,7,0,0
100091,38.1,71.5,3,420.69,0,0,63,4,3,0,1
100092,34.1,3.8,1,56.88,1,0,55,2,2,0,0
100093,20.1,28.3,4,421.14,0,0,54,2,2,2,0
100094,33.0,42.9,2,92.67,1,0,22,4,2,1,0
100095,34.1,51.8,4,137.94,0,0,29,5,1,2,1
100096,19.7,58.0,1,99.05,0,0,52,1,1,1,0
100097,68.2,13.3,5,356.54,1,1,33,1,2,0,0
100098,37.2,68.1,3,242.65,0,0,45,4,3,1,1
100099,16.8,25.5,1,371.89,0,0,36,3,3,0,0
100100,43.1,3.2,2,263.41,0,0,37,3,2,0,0
100101,46.7,11.7,1,182.22,0,2,47,2,2,1,0
100102,36.1,22.8,5,337.37,0,2,41,4,0,3,0
100103,25.7,5.1,1,275.42,1,0,82,4,2,2,0
100104,19.2,18.4,3,258.61,0,0,23,4,2,2,0
100105,28.2,19.8,2,176.18,1,0,59,2,1,0,0
100106,34.9,3.2,3,235.58,1,0,64,5,2,0,0
100107,29.5,15.0,2,199.75,0,0,85,6,0,0,0
100108,57.7,26.6,5,188.08,0,0,48,1,3,0,0
100109,40.0,12.4,4,256.78,1,0,62,4,3,0,0
100110,18.1,0.2,5,784.52,1,0,82,4,3,1,0
100111,15.8,0.2,2,149.2,0,0,35,4,3,1,0
100112,37.4,7.9,3,589.04,0,0,30,6,1,2,0
100113,26.0,46.9,2,349.49,0,1,49,3,0,3,1
100114,41.7,4.7,1,207.12,0,0,42,3,2,0,0
100115,37.2,18.1,3,109.62,0,0,62,5,2,2,0
100116,28.2,4.5,1,81.05,1,0,24,2,0,1,0
100117,18.2,7.0,7,173.8,0,0,79,1,0,1,0
100118,11.7,33.9,6,231.11,1,1,52,2,0,2,0
100119,32.7,23.5,3,443.61,1,0,41,4,2,0,0
100120,14.1,1.8,4,406.18,0,1,46,3,0,2,0
100121,17.8,10.1,1,200.69,0,0,71,1,3,1,0
100122,31.8,0.5,1,173.88,1,0,58,5,1,2,0
100123,30.2,11.8,2,201.24,1,0,46,1,2,3,0
100124,15.1,19.5,3,239.49,1,0,42,5,3,1,0
100125,49.2,2.3,3,145.65,0,0,43,2,1,0,0
100126,48.6,6.1,1,261.0,0,0,61,1,4,0,0
100127,38.0,9.1,4,247.78,0,1,41,4,0,0,0
100128,37.9,45.4,1,251.5,0,1,59,2,1,0,0
100129,38.0,90.0,3,524.63,1,0,31,3,1,2,0
100130,120.0,0.8,3,495.82,0,0,33,2,4,0,0
100131,46.5,25.8,1,310.27,1,0,46,1,4,3,0
100132,40.5,8.4,2,291.1,0,0,42,3,0,1,0
100133,19.0,9.0,4,743.91,1,0,34,4,3,0,0
100134,25.9,25.3,2,20.94,1,1,27,2,0,1,0
100135,81.0,45.1,0,414.82,0,0,32,3,2,1,0
100136,9.0,54.3,4,849.02,1,1,88,4,0,1,0
100137,22.7,15.5,0,194.43,0,0,34,6,2,1,0
100138,49.4,8.0,2,289.85,0,0,15,2,3,0,0
100139,19.7,27.9,5,231.86,1,0,47,5,0,1,0
100140,41.0,5.2,1,279.14,1,0,34,2,4,1,0
100141,30.0,14.9,5,428.95,0,0,40,4,0,2,0
100142,20.4,8.0,4,560.88,0,0,67,2,6,2,0
100143,8.0,19.2,4,206.02,1,0,42,1,4,0,0
100144,32.3,4.9,3,390.67,1,0,40,7,7,0,0
100145,18.8,3.8,6,419.8,0,1,35,3,0,1,0
100146,27.6,45.1,2,198.1,1,0,41,6,2,3,0
100147,37.8,1.9,4,295.68,0,0,55,6,0,0,0
100148,44.7,12.7,2,313.47,0,1,19,7,0,0,0
100149,22.6,4.5,5,71.32,0,0,25,3,2,0,0
100150,20.4,0.7,3,331.4,0,0,55,4,2,0,0
100151,13.9,0.7,3,54.56,1,1,47,4,1,0,0
100152,45.8,3.5,3,371.8,0,1,36,1,0,0,0
100153,75.3,36.3,1,291.58,1,0,57,9,4,1,0
100154,48.2,6.0,3,431.31,0,0,39,2,2,0,0
100155,53.3,54.1,6,20.0,1,0,67,1,3,0,0
100156,19.8,15.7,3,440.29,1,2,35,3,0,0,0
100157,36.7,10.3,1,415.62,1,2,31,3,1,2,0
100158,42.9,15.6,3,594.42,0,0,122,3,1,1,0
100159,2.4,13.1,3,76.45,0,0,61,2,2,3,0
100160,16.3,25.6,2,351.78,1,0,32,3,5,1,0
100161,62.1,6.0,3,53.49,1,0,39,4,3,0,0
100162,12.4,7.8,0,341.61,0,0,35,1,2,0,0
100163,57.4,40.4,8,457.76,1,0,21,1,0,1,0
100164,12.4,52.7,1,143.51,0,1,40,3,0,1,0
100165,16.7,40.2,1,203.78,0,0,49,4,2,1,0
100166,37.0,9.8,3,244.2,1,0,80,3,4,2,0
100167,30.4,27.3,2,79.33,0,0,44,0,1,1,0
100168,23.8,11.6,2,327.52,1,0,37,6,5,0,0
100169,61.0,12.4,3,56.46,0,0,85,6,3,2,0
100170,14.2,4.1,4,209.71,0,0,77,1,2,1,0
100171,27.1,16.1,3,605.26,0,0,49,3,5,0,0
100172,39.3,3.7,7,270.53,0,0,47,2,3,1,0
100173,33.9,7.3,3,96.67,1,0,54,3,1,1,0
100174,20.8,34.8,3,118.49,0,0,35,3,2,0,0
100175,21.2,4.2,3,69.23,0,2,46,4,1,0,1
100176,44.4,1.3,5,343.08,0,0,34,3,0,0,0
100177,45.4,1.3,5,98.52,0,0,78,4,2,0,0
100178,34.3,50.9,4,393.78,1,0,31,4,3,0,0
100179,18.4,12.7,4,266.69,0,0,51,3,2,0,0
100180,21.6,9.5,2,53.33,1,0,52,2,0,0,0
100181,29.0,30.0,6,56.73,1,1,81,4,0,0,0
100182,31.2,32.5,3,128.86,1,1,37,3,0,2,0
100183,38.5,7.3,2,215.71,1,0,34,4,2,0,0
100184,26.3,21.3,6,473.97,0,0,60,2,2,0,0
100185,43.9,26.5,4,316.63,0,0,56,3,3,0,0
100186,43.6,19.1,3,357.52,1,0,100,3,4,2,0
100187,54.2,3.0,3,198.8,1,0,49,4,2,0,0
100188,29.7,37.6,6,69.85,1,0,77,2,0,0,0
100189,34.6,13.9,4,335.75,1,0,74,4,0,0,0
100190,27.4,6.0,2,253.67,0,0,34,2,3,3,0
100191,18.5,10.0,1,166.49,0,1,23,3,1,1,0
100192,74.5,0.7,3,248.58,1,0,40,4,1,0,0
100193,50.9,2.5,4,149.48,1,0,66,4,5,0,0
100194,43.2,26.1,5,151.75,0,1,81,4,0,0,0
100195,29.1,0.0,6,305.61,1,0,8,2,3,0,0
100196,17.6,9.7,2,326.14,0,0,31,0,4,2,0
100197,47.0,13.3,4,69.88,0,0,54,3,4,1,0
100198,27.1,1.0,4,206.57,1,0,61,2,6,1,0
100199,36.1,65.1,0,177.41,1,2,29,3,0,0,1
100200,21.5,4.6,4,542.82,0,0,34,1,4,1,0
100201,33.2,6.5,5,383.42,0,0,20,3,4,0,0
100202,22.2,6.5,2,358.57,0,0,89,3,1,0,0
100203,22.7,4.7,5,161.73,1,1,51,2,0,1,0
100204,33.0,0.0,4,111.79,0,0,34,0,3,0,0
100205,12.3,23.5,5,142.9,1,0,75,5,7,1,0
100206,12.6,61.3,2,454.4,1,1,51,4,6,2,1
100207,19.6,4.6,2,104.27,1,0,81,2,1,0,0
100208,26.2,19.6,0,667.02,0,0,86,2,2,2,0
100209,44.5,24.4,4,258.7,1,0,29,2,3,0,0
100210,27.0,34.0,1,640.66,0,1,77,2,1,0,0
100211,29.1,9.9,2,460.01,0,0,76,5,4,1,0
100212,25.1,6.5,3,55.53,0,0,57,6,3,1,0
100213,34.6,7.1,2,151.2,0,1,59,3,0,0,0
100214,18.4,22.4,2,306.24,1,0,49,3,1,2,0
100215,27.7,30.5,1,165.9,0,0,26,1,1,3,0
100216,35.9,3.6,3,346.26,0,0,25,2,4,0,0
100217,32.9,8.3,4,829.33,1,0,91,4,5,2,0
100218,29.5,41.8,6,597.23,0,1,51,3,1,1,0
100219,29.7,29.6,3,165.07,1,0,42,2,2,3,0
100220,37.6,75.4,2,696.17,0,1,60,3,5,0,0
100221,76.2,25.3,3,182.64,0,0,34,0,2,2,0
100222,19.1,9.0,1,226.98,1,0,38,2,3,0,0
100223,77.3,16.1,2,320.28,0,0,47,1,2,2,0
100224,18.6,19.5,1,261.41,0,0,36,3,5,1,0
100225,7.3,1.5,3,579.55,0,1,58,4,0,0,0
100226,22.0,14.2,4,664.48,0,0,44,5,0,0,0
100227,34.9,22.2,2,347.33,0,0,57,1,0,2,1
100228,68.5,3.3,2,89.13,0,0,60,6,1,1,0
100229,17.6,27.3,3,586.61,0,0,74,1,3,0,0
100230,37.5,15.8,2,597.22,1,0,40,1,1,0,0
100231,13.4,54.7,2,252.75,0,0,29,1,3,2,0
100232,67.3,0.8,3,71.72,0,2,117,2,0,0,0
100233,51.4,5.5,1,69.35,0,0,81,5,3,0,1
100234,22.7,16.6,6,110.08,1,0,19,3,1,2,0
100235,10.1,6.3,2,238.72,1,1,125,3,3,0,0
100236,55.3,22.6,2,570.54,1,0,35,5,1,0,0
100237,27.6,25.6,2,436.01,1,0,44,4,6,0,0
100238,52.7,1.9,4,477.35,0,2,27,2,4,2,0
100239,29.4,13.0,1,348.14,0,1,49,1,2,0,0
100240,30.1,12.8,2,289.9,0,0,36,2,1,1,0
100241,23.0,8.3,4,284.91,1,1,27,4,0,2,0
100242,39.9,48.6,3,121.28,0,0,24,2,2,0,0
100243,31.2,31.6,3,127.35,0,0,32,3,2,2,0
100244,37.9,21.5,3,213.4,1,1,63,4,0,0,1
100245,11.5,22.6,6,191.81,1,1,128,5,1,1,0
100246,53.6,11.1,3,285.5,0,2,58,0,0,0,0
100247,60.1,45.7,3,504.74,1,1,30,5,4,1,0
100248,31.1,21.4,1,127.15,0,0,40,7,1,0,0
100249,73.6,23.5,2,208.69,0,0,69,3,1,0,0
100250,65.3,35.6,4,412.22,0,0,40,3,2,3,0
100251,40.4,5.8,3,405.49,0,0,82,2,0,0,0
100252,55.7,29.6,3,310.08,0,1,111,5,0,2,0
100253,48.7,3.9,2,303.93,1,0,32,2,3,0,0
100254,9.8,7.6,3,252.51,0,1,34,5,0,0,0
100255,25.4,7.4,1,273.1,0,0,87,2,4,2,0
100256,41.8,69.1,2,701.39,0,0,40,1,1,0,0
100257,62.0,35.0,2,102.49,0,0,71,3,0,2,0
100258,12.9,21.7,3,240.32,1,0,51,3,4,1,0
100259,10.2,23.4,5,139.29,0,1,42,2,2,0,1
100260,28.5,14.9,3,384.55,1,1,61,5,0,1,0
100261,7.7,52.9,6,265.74,1,0,87,2,3,0,0
100262,28.0,12.3,2,195.35,0,0,7,8,2,0,0
100263,35.3,8.6,5,230.35,0,0,76,4,3,1,0
100264,17.2,3.2,6,392.51,1,0,45,6,1,0,0
100265,28.4,27.8,6,802.32,1,0,51,4,1,0,0
100266,46.5,23.9,3,217.07,1,0,71,1,2,2,0
100267,21.9,8.7,4,359.73,1,0,53,6,1,2,0
100268,18.8,0.5,3,215.31,1,0,93,5,6,1,0
100269,27.7,32.9,2,590.37,0,0,14,8,3,1,0
100270,16.2,0.2,5,583.01,0,0,33,2,5,1,0
100271,70.9,21.9,4,194.67,1,1,59,2,0,1,0
100272,29.9,63.3,2,238.68,1,0,38,5,1,0,0
100273,19.9,10.4,0,125.95,0,0,89,4,3,3,1
100274,32.7,4.8,0,438.44,0,0,34,4,0,0,0
100275,27.6,22.0,5,434.66,0,1,49,5,0,1,0
100276,26.1,30.6,6,236.71,0,0,32,3,0,2,0
100277,21.9,14.2,1,390.46,1,1,45,3,1,1,0
100278,21.4,61.4,2,217.82,0,0,19,6,2,2,0
100279,11.7,1.0,5,230.5,0,0,23,2,2,0,0
100280,55.6,12.7,4,425.14,0,0,109,3,1,0,0
100281,39.1,22.8,3,146.44,0,2,47,3,0,2,1
100282,34.4,35.7,2,320.44,0,1,39,2,0,0,0
100283,27.4,3.6,0,162.56,0,0,27,1,1,1,0
100284,17.0,29.0,4,664.25,0,1,29,1,0,0,1
100285,19.2,14.5,5,250.92,0,0,103,2,0,2,0
100286,12.5,9.1,2,233.9,0,0,48,2,2,1,0
100287,20.5,2.5,3,226.5,0,0,75,1,3,0,0
100288,15.7,36.1,7,120.26,1,0,9,0,2,1,0
100289,63.5,3.1,5,110.43,0,0,35,2,6,1,0
100290,45.0,6.7,3,526.29,0,0,96,8,2,0,0
100291,30.5,6.2,1,141.19,1,0,37,4,7,1,0
100292,18.0,36.9,3,183.16,0,2,28,3,0,1,1
100293,16.1,20.1,4,245.4,1,1,57,4,1,0,0
100294,26.5,28.7,1,253.12,0,0,22,4,2,2,0
100295,45.9,5.2,3,266.71,0,0,19,1,4,0,1
100296,12.7,17.6,3,358.72,1,0,89,6,2,0,0
100297,38.8,15.3,4,527.46,1,0,32,2,1,1,0
100298,20.5,32.2,1,249.82,0,0,61,1,1,1,0
100299,22.5,42.6,2,78.24,0,0,105,7,6,2,0
100300,30.1,0.2,3,342.97,0,0,48,3,3,0,0
100301,18.4,20.2,2,253.44,1,1,60,3,0,0,0
100302,25.8,1.0,1,202.28,1,2,19,5,0,0,0
100303,17.5,14.3,1,178.07,0,0,31,2,5,2,0
100304,21.4,6.1,3,579.65,0,0,95,2,1,0,0
100305,42.5,6.6,0,245.16,0,1,39,1,1,1,0
100306,30.9,7.8,3,146.45,0,0,24,3,0,0,1
100307,42.4,17.5,1,323.77,0,0,59,2,3,2,0
100308,20.3,7.3,1,492.03,0,0,83,8,1,1,0
100309,39.0,23.7,7,125.27,1,1,37,0,1,3,0
100310,10.8,9.3,3,522.43,1,1,59,5,1,0,0
100311,30.1,1.3,2,97.54,1,0,70,1,3,1,0
100312,40.2,27.6,4,281.98,0,1,43,4,2,2,0
100313,10.5,6.1,4,397.03,0,1,40,2,0,1,0
100314,20.4,10.2,0,160.25,1,0,103,4,1,0,0
100315,30.1,20.8,3,111.02,0,0,25,4,1,3,0
100316,47.6,7.3,3,193.82,1,2,50,3,0,0,1
100317,21.4,1.0,7,540.56,0,0,44,2,5,0,0
100318,38.2,8.4,3,332.48,0,0,44,1,2,1,0
100319,57.4,52.0,2,101.35,0,0,68,2,2,1,0
100320,39.1,18.5,4,664.9,0,0,61,1,2,2,0
100321,26.3,20.0,2,180.42,1,0,53,2,2,0,0
100322,35.4,18.0,2,299.34,0,1,19,1,0,0,0
100323,21.0,4.0,3,398.31,0,1,29,1,0,1,0
100324,30.7,9.8,0,387.01,0,0,41,3,1,0,0
100325,27.0,25.0,0,193.15,1,1,49,1,0,2,0
100326,34.8,1.9,3,326.93,0,2,95,3,2,2,0
100327,23.5,5.9,4,313.56,0,0,48,2,3,1,0
100328,35.8,5.8,6,272.46,0,0,67,3,2,0,0
100329,23.3,10.2,4,660.85,0,0,45,2,5,2,0
100330,44.8,70.8,2,159.97,0,0,64,4,4,0,0
100331,24.6,1.3,2,132.38,1,0,47,1,3,0,0
100332,7.9,13.2,8,333.44,0,0,27,3,3,0,0
100333,16.4,3.6,4,338.54,0,0,60,3,2,0,0
100334,29.6,63.5,3,381.06,1,0,58,4,1,2,0
100335,63.2,2.2,1,115.62,0,0,22,4,4,1,0
100336,44.0,9.3,2,352.88,0,0,45,4,3,3,0
100337,6.8,24.1,1,65.88,0,0,45,3,2,0,1
100338,12.0,21.9,3,201.69,0,0,35,4,5,1,0
100339,50.6,9.9,4,66.48,1,0,26,5,3,3,0
100340,40.1,7.7,0,143.61,1,0,52,3,1,2,0
100341,79.7,9.1,2,518.56,1,0,91,3,1,1,0
100342,22.8,5.5,5,130.87,1,1,63,2,2,0,0
100343,18.1,4.1,5,323.68,0,0,21,3,0,2,0
100344,30.4,11.9,3,62.74,0,2,87,4,2,0,0
100345,22.6,5.6,1,85.66,0,0,81,2,1,1,0
100346,48.3,6.1,3,174.5,0,0,36,7,1,1,0
100347,22.2,19.2,2,100.92,1,0,21,4,2,1,1
100348,25.4,62.3,5,244.46,1,1,36,2,2,1,1
100349,16.7,16.7,1,228.19,0,1,38,2,1,1,0
100350,42.5,1.4,3,122.04,0,1,22,1,1,0,0
100351,17.4,1.4,3,270.79,0,0,51,2,2,1,0
100352,36.1,54.4,4,65.87,0,0,31,3,1,1,0
100353,68.5,6.4,2,732.9,0,0,25,6,1,0,0
100354,9.7,1.7,2,487.67,0,0,41,5,3,0,0
100355,58.7,16.5,1,147.95,1,1,89,3,0,0,0
100356,33.8,17.6,0,406.86,1,1,69,2,1,0,1
100357,15.2,18.8,2,303.86,0,0,56,4,3,3,0
100358,31.0,5.6,2,305.1,0,1,36,2,3,0,0
100359,41.9,0.3,1,118.94,0,0,22,3,5,1,0
100360,18.8,60.4,5,115.79,1,0,26,4,0,1,1
100361,37.2,5.2,7,138.41,1,0,67,1,2,0,0
100362,61.1,20.3,2,327.98,1,1,31,9,1,2,0
100363,22.2,22.1,2,177.75,0,0,49,4,1,0,0
100364,16.6,16.9,2,124.1,1,1,57,3,0,2,0
100365,27.4,6.8,1,458.9,0,0,20,3,1,0,0
100366,30.2,5.7,2,120.25,0,1,46,2,2,0,0
100367,49.5,16.4,2,296.87,0,1,54,2,0,0,0
100368,27.0,36.2,5,152.29,0,2,100,4,0,0,0
100369,23.3,52.8,0,87.28,1,0,49,2,0,2,0
100370,16.4,2.0,3,483.63,0,0,65,2,2,0,0
100371,10.6,3.0,2,110.98,0,0,36,2,4,1,0
100372,13.7,52.1,5,501.83,0,0,73,3,1,0,0
100373,13.6,24.0,3,231.78,0,0,24,2,2,2,0
100374,25.5,38.6,5,243.93,0,0,58,3,2,2,0
100375,11.8,4.1,6,396.74,0,1,50,3,0,1,0
100376,28.5,15.9,3,359.21,0,0,79,3,4,0,0
100377,67.8,21.7,5,294.96,0,0,57,3,1,1,0
100378,50.2,20.5,2,190.85,1,0,42,4,1,0,1
100379,25.4,9.4,0,343.61,0,0,73,6,1,0,1
100380,89.1,0.3,6,383.2,0,0,56,2,3,1,0
100381,30.2,15.7,5,79.31,0,2,28,3,1,3,1
100382,32.5,5.3,3,243.32,1,0,43,5,3,2,0
100383,27.2,10.8,6,36.77,1,0,26,1,4,1,0
100384,28.8,56.9,3,319.8,0,0,54,4,2,1,1
100385,21.8,9.2,1,114.32,0,0,57,3,3,3,0
100386,25.6,33.0,0,331.61,1,0,93,6,0,1,0
100387,58.9,3.8,2,227.24,1,0,43,3,2,0,0
100388,52.9,20.1,2,303.39,1,1,39,1,0,2,0
100389,7.7,67.9,4,574.07,1,0,21,4,1,0,0
100390,12.6,1.9,5,133.44,1,0,43,3,0,0,0
100391,19.0,0.2,1,228.88,0,2,40,2,0,1,0
100392,46.1,10.2,4,264.27,0,0,48,4,2,0,0
100393,53.4,1.7,3,101.7,1,0,40,6,4,0,0
100394,41.8,24.8,2,403.0,1,0,40,3,5,0,0
100395,15.2,44.3,3,529.73,0,0,48,6,1,1,1
100396,22.0,10.2,2,276.78,1,0,44,5,2,3,0
100397,37.5,5.4,3,609.5,0,0,40,2,2,0,0
100398,25.8,10.3,5,341.46,0,0,39,4,2,0,0
100399,24.0,23.1,2,263.29,1,0,106,1,0,0,0
100400,24.1,0.2,5,414.24,0,1,39,4,2,1,0
100401,50.9,16.0,1,225.84,0,0,42,1,2,1,0
100402,39.4,17.1,0,213.69,0,0,19,2,1,1,1
100403,24.8,18.3,4,337.39,0,0,73,5,4,0,0
100404,34.6,5.0,6,678.09,0,0,13,1,0,1,0
100405,14.0,22.5,4,131.23,0,0,29,4,4,1,0
100406,22.0,1.7,3,99.17,0,0,59,1,4,0,0
100407,48.5,4.0,5,298.88,1,0,17,3,1,0,0
100408,11.4,37.8,2,47.24,1,0,33,2,1,0,0
100409,39.6,24.2,2,188.09,0,0,46,4,1,3,0
100410,7.6,0.2,2,235.18,1,0,44,3,4,2,0
100411,63.8,5.1,4,171.71,0,0,33,5,0,1,0
100412,21.8,4.3,3,507.81,0,0,65,6,2,2,0
100413,35.9,5.7,5,489.99,0,0,67,4,2,1,0
100414,31.1,5.1,2,649.74,1,0,60,5,2,2,0
100415,31.7,1.2,2,246.9,1,0,37,7,4,0,0
100416,34.3,11.1,3,271.95,0,2,50,2,2,1,0
100417,10.2,23.8,3,177.65,0,1,35,4,3,1,0
100418,32.0,16.8,4,452.72,0,1,122,6,1,1,0
100419,26.6,20.1,1,78.36,0,0,53,3,4,0,0
100420,21.8,1.5,0,190.95,0,0,37,7,3,0,0
100421,19.0,54.5,1,461.52,0,0,111,6,2,0,0
100422,32.4,32.8,4,219.97,1,0,39,3,4,0,0
100423,16.8,29.4,3,170.8,0,1,53,1,1,0,0
100424,48.1,31.2,4,148.45,1,0,66,2,2,1,0
100425,37.2,48.6,1,130.98,1,1,35,4,0,2,1
100426,33.4,14.1,5,172.23,0,0,34,4,2,1,0
100427,47.1,4.0,3,319.21,1,0,71,5,0,2,0
100428,9.2,17.3,4,247.66,1,0,66,4,2,2,0
100429,13.8,24.4,4,527.28,0,0,66,4,1,0,0
100430,38.0,24.1,4,80.9,0,0,57,2,1,0,0
100431,19.6,13.3,1,156.82,1,0,105,6,3,0,0
100432,20.9,1.3,4,102.19,0,0,48,1,3,3,1
100433,12.6,8.3,3,147.1,0,1,31,1,1,0,0
100434,16.8,45.6,2,160.95,0,0,25,7,3,1,0
100435,48.6,15.8,5,322.29,1,0,39,3,2,0,0
100436,37.6,13.9,4,347.59,1,0,7,3,2,3,0
100437,32.3,5.6,3,332.42,1,0,83,1,1,0,0
100438,21.4,8.3,4,396.06,0,0,56,2,2,2,0
100439,31.2,40.6,4,431.38,0,0,31,1,0,0,0
100440,50.7,19.8,3,307.4,0,0,74,1,1,0,0
100441,19.8,27.9,1,379.37,1,0,25,2,2,1,0
100442,28.8,10.9,2,205.13,0,0,28,3,1,3,0
100443,65.7,17.9,0,92.27,0,0,48,2,1,1,1
100444,41.6,5.1,4,153.95,0,0,89,7,3,3,0
100445,21.5,22.0,1,518.42,0,0,55,4,3,2,0
100446,39.9,10.0,5,113.26,1,0,9,4,3,2,0
100447,11.3,10.5,1,190.43,1,1,29,3,1,0,1
100448,28.2,18.9,4,99.7,1,0,31,4,4,0,0
100449,39.9,49.6,1,410.24,0,1,51,4,1,0,0
100450,35.6,1.2,6,233.59,1,0,22,7,2,3,0
100451,39.7,31.3,4,193.35,1,0,23,4,1,3,0
100452,44.1,6.2,1,48.17,0,0,41,4,1,1,0
100453,36.9,10.6,3,241.76,1,0,62,1,1,0,0
100454,36.4,0.4,3,440.12,0,0,64,1,1,0,0
100455,32.6,6.4,4,352.44,1,0,48,1,1,3,0
100456,15.7,12.6,2,157.31,1,0,69,5,3,0,0
100457,48.6,1.0,4,129.97,1,1,126,6,1,2,0
100458,28.7,12.2,3,256.35,0,3,94,3,0,0,0
100459,41.1,47.1,3,77.44,0,0,36,6,2,0,1
100460,46.2,2.0,2,327.07,0,0,22,7,1,2,0
100461,22.1,26.0,4,108.06,0,0,38,2,2,0,0
100462,23.2,9.5,3,134.45,1,0,29,3,2,0,0
100463,24.8,19.2,1,131.73,1,2,57,3,2,3,0
100464,53.1,5.4,1,360.58,1,0,26,2,5,1,0
100465,17.7,3.1,2,123.89,0,0,45,2,1,2,0
100466,57.6,3.1,2,133.14,1,0,29,1,0,2,0
100467,32.4,1.3,1,546.06,1,0,40,2,1,0,0
100468,33.6,3.7,6,340.11,1,0,46,4,4,0,0
100469,45.2,19.6,2,256.19,0,1,61,1,1,1,0
100470,30.6,38.4,5,255.07,0,1,46,5,0,0,0
100471,48.9,30.3,7,46.33,0,1,35,3,0,0,0
100472,22.1,20.8,5,273.61,1,1,66,3,3,2,0
100473,56.7,2.1,4,485.6,1,0,47,3,2,0,0
100474,23.0,6.1,3,133.04,1,0,36,4,1,1,0
100475,57.7,6.7,4,79.38,0,1,62,0,1,0,0
100476,23.4,5.2,1,47.06,0,0,51,4,2,0,0
100477,25.2,13.0,2,104.92,1,0,59,6,5,0,0
100478,16.5,13.8,4,78.56,1,0,76,4,3,2,0
100479,19.1,7.9,1,285.92,1,1,26,1,3,0,0
100480,28.8,7.9,4,334.09,1,0,122,3,1,1,0
100481,33.1,31.7,6,344.75,0,2,57,0,0,1,0
100482,47.1,28.0,3,165.27,1,0,26,5,2,0,0
100483,26.2,6.6,1,444.41,1,0,81,3,0,1,0
100484,15.3,44.1,2,47.16,0,0,33,2,1,2,0
100485,35.6,55.0,4,153.04,0,0,95,4,0,1,0
100486,32.0,7.1,3,183.22,0,0,27,4,3,0,1
100487,37.5,7.9,1,344.25,0,0,45,6,3,1,0
100488,20.6,12.7,7,80.17,1,0,66,3,1,1,0
100489,21.9,51.0,2,239.11,0,0,62,2,0,0,0
100490,20.6,37.6,5,406.02,0,1,54,0,0,0,0
100491,51.6,1.9,6,369.73,0,0,72,3,2,0,0
100492,56.9,9.0,1,157.57,0,1,37,3,0,0,0
100493,21.4,14.5,0,306.86,0,0,74,4,0,0,0
100494,21.7,12.6,2,166.66,1,2,34,3,0,1,0
100495,40.1,3.9,3,170.46,0,0,23,4,5,0,0
100496,60.0,35.2,5,211.51,0,0,90,1,0,2,1
100497,66.3,20.3,0,574.07,0,0,35,0,2,1,0
100498,20.9,32.8,0,562.35,0,0,23,3,3,2,0
100499,23.8,35.2,3,398.58,0,0,63,2,2,1,0
100500,33.9,24.8,4,109.16,0,0,50,3,2,0,0
100501,34.8,10.4,3,395.47,1,0,55,2,2,1,0
100502,26.7,17.0,4,212.41,1,0,40,3,2,2,0
100503,18.7,3.1,3,329.58,0,0,58,3,3,0,0
100504,28.8,20.2,5,147.94,0,0,87,0,1,0,0
100505,66.3,3.6,6,358.99,1,0,53,1,6,0,0
100506,22.1,21.3,3,368.62,1,0,21,2,2,0,0
100507,32.9,4.7,4,260.2,0,0,46,4,4,0,0
100508,87.6,2.3,1,335.22,1,0,57,3,1,0,0
100509,21.9,3.3,3,100.9,1,0,93,0,2,0,0
100510,41.1,0.0,3,330.14,1,0,64,5,1,1,0
100511,67.7,22.8,2,155.48,0,0,31,3,2,0,0
100512,39.3,23.7,4,501.0,0,0,45,2,1,1,0
100513,49.8,13.0,3,190.32,0,0,66,2,7,1,1
100514,43.8,3.2,5,76.93,1,1,59,2,1,1,0
100515,37.8,1.6,3,491.96,0,0,61,1,0,0,0
100516,56.0,0.3,3,250.27,0,0,24,0,1,1,0
100517,40.4,3.3,2,360.62,1,0,62,5,4,0,0
100518,26.8,39.9,0,241.61,1,1,52,5,2,0,1
100519,31.6,5.0,4,81.48,1,0,64,0,0,1,0
100520,35.4,7.9,3,192.83,1,2,50,1,0,0,0
100521,23.7,2.0,2,241.82,1,0,44,2,0,0,0
100522,32.4,4.5,4,368.69,0,0,75,2,3,0,0
100523,30.1,13.2,6,259.54,1,0,57,4,3,0,0
100524,40.4,16.8,4,192.58,1,0,26,2,2,0,0
100525,76.5,5.1,4,200.94,0,0,49,5,0,3,0
100526,33.3,1.1,2,354.65,0,0,40,3,2,0,0
100527,60.7,8.9,1,383.04,1,0,37,2,3,1,0
100528,39.7,4.8,1,120.84,0,0,58,4,1,1,0
100529,32.3,4.5,1,253.01,1,1,50,4,2,1,0
100530,23.0,57.9,4,377.22,0,0,58,2,4,3,0
100531,32.4,17.2,3,568.95,0,0,70,0,4,2,0
100532,31.4,14.7,4,486.3,0,0,45,5,3,2,0
100533,19.9,9.7,4,87.33,0,0,69,2,3,3,0
100534,21.6,10.1,2,235.86,1,2,35,3,0,0,0
100535,35.5,14.0,6,85.84,0,0,77,0,2,1,0
100536,60.4,21.5,3,544.69,0,0,36,5,1,2,0
100537,28.3,21.8,1,271.87,0,0,28,3,2,1,0
100538,12.3,3.4,3,382.0,0,0,55,3,4,3,0
100539,6.9,12.5,2,129.42,0,0,46,1,0,0,1
100540,16.3,9.6,2,158.05,1,0,48,6,2,0,0
100541,41.6,36.8,3,294.88,0,0,26,2,2,3,0
100542,13.8,18.0,3,464.98,0,0,27,4,3,0,0
100543,44.8,13.7,3,63.41,0,1,39,3,0,1,0
100544,40.5,2.2,3,434.76,0,0,64,1,1,0,0
100545,27.8,16.7,6,273.58,0,0,40,3,4,1,0
100546,20.0,2.2,6,54.54,0,0,27,3,5,3,0
100547,25.8,7.4,3,356.05,1,0,77,1,2,0,0
100548,35.1,2.8,3,368.49,1,0,26,5,1,0,0
100549,14.0,21.2,3,245.56,1,1,49,2,1,0,0
100550,57.5,4.2,2,167.99,0,0,64,8,3,2,0
100551,34.9,9.0,3,136.97,0,0,38,5,2,1,0
100552,36.9,40.7,3,312.76,0,2,64,3,2,0,1
100553,40.3,4.1,3,93.29,1,0,89,2,3,0,0
100554,54.8,12.8,1,515.13,1,0,62,0,3,2,0
100555,32.4,9.8,4,138.29,0,0,45,2,2,2,0
100556,41.6,0.3,1,411.42,0,0,48,6,4,0,0
100557,20.1,28.3,4,362.35,1,0,15,4,4,0,0
100558,66.5,1.3,2,290.09,1,0,36,3,2,2,0
100559,31.3,11.6,2,429.43,1,0,16,4,2,1,1
100560,20.1,14.8,5,122.32,1,0,30,2,0,3,0
100561,23.0,17.8,4,414.0,1,1,47,2,0,1,0
100562,8.9,21.0,1,404.45,0,0,54,2,2,1,0
100563,22.9,5.3,1,405.41,1,0,59,3,1,1,0
100564,5.7,0.2,5,322.73,1,0,102,3,4,3,0
100565,43.1,23.1,3,119.51,1,0,22,5,0,0,0
100566,36.3,13.8,1,189.96,0,0,30,5,2,0,0
100567,16.9,32.6,1,437.6,0,0,53,2,2,0,0
100568,28.6,31.0,5,193.21,0,0,66,0,4,2,0
100569,29.3,33.4,4,121.0,0,0,34,1,1,1,1
100570,14.9,11.9,4,728.3,1,0,51,3,4,0,0
100571,26.1,7.3,1,68.03,0,1,54,2,1,1,1
100572,29.7,28.2,0,173.78,0,0,93,5,3,0,1
100573,25.7,10.8,4,348.1,1,0,24,2,2,0,0
100574,20.1,3.6,2,765.14,0,1,58,2,0,0,0
100575,16.5,34.8,4,209.14,0,1,67,5,0,1,1
100576,25.2,38.6,1,195.98,0,0,61,7,4,1,1
100577,21.4,11.3,1,230.1,1,0,81,4,2,2,0
100578,39.0,1.4,4,122.63,0,0,27,5,1,2,0
100579,56.4,8.8,2,98.05,1,1,14,3,2,0,0
100580,45.9,29.3,1,412.23,0,0,79,5,3,1,0
100581,30.3,41.8,1,253.06,1,0,39,2,0,0,0
100582,20.5,4.1,3,63.26,0,0,45,6,5,0,0
100583,45.3,1.2,4,118.28,0,0,48,2,0,0,0
100584,40.2,37.8,2,553.91,0,0,49,1,5,0,0
100585,54.5,8.9,2,480.07,0,0,70,1,1,0,0
100586,32.5,14.0,4,141.31,0,0,57,8,2,0,0
100587,64.8,62.0,3,317.42,0,0,23,5,4,1,0
100588,32.5,1.2,1,84.12,0,1,45,4,0,0,0
100589,20.4,18.8,1,174.89,0,1,54,1,0,1,1
100590,22.5,1.4,3,1000.81,0,0,59,6,2,0,0
100591,38.1,8.5,2,286.39,0,0,43,1,5,0,0
100592,21.4,29.3,3,177.96,1,0,36,5,3,0,0
100593,64.6,10.2,2,227.17,1,2,72,2,2,0,0
100594,36.5,105.7,6,152.34,0,0,39,6,1,0,0
100595,29.9,14.7,7,86.26,0,0,62,3,1,1,0
100596,31.2,7.0,4,486.48,1,0,70,6,6,2,0
100597,25.6,4.5,2,55.37,0,0,52,3,1,0,0
100598,10.5,7.8,2,344.94,1,0,34,6,1,0,0
100599,22.5,8.4,0,210.77,0,0,57,5,2,2,1
100600,60.7,1.3,5,491.28,1,0,41,1,2,0,0
100601,32.9,8.3,2,213.41,0,1,119,3,1,0,0
100602,48.5,11.2,4,264.24,1,0,68,3,1,1,0
100603,49.2,23.1,4,221.12,0,1,67,2,5,1,0
100604,28.7,19.2,4,334.83,1,0,77,4,2,1,0
100605,40.5,22.2,5,121.02,0,0,16,2,1,1,0
100606,11.2,0.2,3,171.9,0,0,45,4,1,0,0
100607,58.3,4.4,3,475.76,1,0,75,4,4,0,0
100608,56.0,19.5,5,355.73,0,2,36,0,0,0,0
100609,37.6,11.9,4,287.67,1,1,21,4,0,2,0
100610,33.5,0.1,3,264.81,0,0,50,2,0,2,0
100611,28.9,29.4,4,189.73,1,0,30,3,1,0,0
100612,51.2,26.7,3,206.39,0,0,32,3,1,0,0
100613,42.8,14.3,3,286.97,1,0,43,2,2,0,0
100614,3.8,1.2,4,371.41,1,0,25,0,4,0,0
100615,24.1,26.2,3,286.72,0,0,42,1,1,0,0
100616,15.3,15.8,1,366.49,1,0,53,5,3,1,0
100617,13.6,27.4,3,325.78,1,0,107,4,2,3,0
100618,51.0,25.1,2,63.96,0,0,37,2,2,0,0
100619,28.6,29.2,2,187.83,1,0,44,1,4,0,0
100620,37.3,13.1,4,173.54,0,0,61,1,1,0,0
100621,30.5,2.7,4,92.45,1,0,40,3,1,0,0
100622,13.7,20.0,1,338.42,0,1,35,3,1,0,0
100623,11.4,17.4,7,400.08,0,0,75,3,2,2,0
100624,23.3,24.4,3,227.06,0,0,91,5,3,0,0
100625,24.3,3.4,2,105.11,0,0,40,4,1,3,0
100626,24.3,3.9,6,109.6,1,0,34,3,3,1,0
100627,24.7,39.8,0,135.13,1,0,32,0,1,1,0
100628,74.0,25.0,6,168.0,0,1,62,7,0,0,0
100629,48.1,43.0,3,183.23,0,0,81,3,3,1,0
100630,33.1,25.6,3,243.47,1,0,56,4,2,1,0
100631,28.3,16.4,5,574.52,0,0,63,4,5,0,0
100632,28.8,19.1,5,322.85,0,0,73,4,0,0,0
100633,42.0,39.6,2,452.67,0,0,92,1,6,2,0
100634,28.1,15.6,4,134.44,0,1,57,4,0,0,1
100635,45.7,18.0,3,156.18,0,1,39,3,1,0,0
100636,35.0,3.1,6,248.91,1,0,65,4,4,0,0
100637,74.4,11.6,1,290.87,0,0,77,2,3,0,0
100638,27.2,22.7,3,172.01,1,0,42,5,3,0,0
100639,49.8,5.7,5,239.52,0,1,16,3,0,0,0
100640,16.1,4.1,3,532.79,0,0,38,1,2,1,0
100641,20.8,6.8,2,175.82,1,2,25,4,2,0,0
100642,69.5,5.0,0,185.64,0,1,11,6,0,2,0
100643,44.8,4.4,1,115.19,0,1,39,1,1,1,0
100644,37.6,10.0,4,495.43,1,1,45,3,1,0,0
100645,83.7,42.9,6,63.12,0,0,58,2,1,1,0
100646,28.5,12.7,2,267.99,1,1,63,6,0,1,0
100647,49.7,3.7,4,246.64,0,0,40,1,4,1,0
100648,51.5,1.4,1,148.04,1,0,60,4,3,1,0
100649,62.1,21.4,1,135.85,0,1,58,2,3,1,0
100650,15.0,8.7,9,171.07,0,0,58,5,2,0,0
100651,28.4,31.1,2,147.6,1,0,33,2,3,1,1
100652,34.7,19.4,2,129.23,1,1,65,1,1,0,0
100653,61.6,28.6,3,237.4,0,1,51,2,2,1,0
100654,36.8,5.7,4,140.73,0,0,46,5,3,0,0
100655,51.6,21.2,2,274.06,0,0,34,2,0,2,0
100656,14.3,5.5,1,314.01,1,1,40,2,0,1,0
100657,25.0,50.4,2,199.26,1,1,70,3,2,1,0
100658,55.9,18.2,1,235.78,1,1,60,4,1,2,0
100659,26.8,7.1,0,493.38,0,0,36,2,1,2,0
100660,29.6,5.7,3,341.37,1,1,50,4,0,1,0
100661,61.2,3.8,2,93.7,0,1,59,4,0,0,0
100662,18.2,21.4,6,391.6,0,1,37,3,1,2,0
100663,20.6,4.4,2,649.45,0,0,65,7,3,1,0
100664,13.4,16.3,2,377.8,1,1,19,0,0,1,1
100665,62.4,5.5,2,231.6,1,0,65,4,0,2,0
100666,47.7,19.5,6,354.08,0,1,63,5,0,0,0
100667,47.1,30.4,1,352.21,1,1,53,3,0,0,1
100668,24.6,27.1,4,396.32,1,0,43,0,1,1,0
100669,12.8,25.8,4,205.21,0,1,31,5,1,2,0
100670,10.7,3.7,2,84.37,0,0,48,4,1,0,0
100671,56.1,1.7,3,180.8,1,0,57,1,3,1,0
100672,38.8,21.6,0,270.29,1,1,65,0,0,1,1
100673,42.6,8.3,3,471.08,0,0,33,3,7,1,0
100674,33.9,10.2,4,368.99,0,0,39,4,2,2,0
100675,19.2,0.6,2,212.21,0,0,40,4,1,0,0
100676,25.2,5.4,4,236.24,0,0,22,1,3,1,0
100677,16.6,0.6,0,41.87,1,0,79,2,1,2,0
100678,15.5,38.0,2,246.19,0,0,112,1,2,0,0
100679,45.8,5.0,4,108.07,1,0,82,1,0,0,0
100680,11.3,14.7,4,648.82,0,0,32,0,3,0,0
100681,16.7,0.7,2,111.63,0,0,97,4,2,2,0
100682,26.0,19.8,3,34.27,0,0,43,3,4,0,0
100683,31.0,7.0,4,160.45,1,1,65,1,0,0,0
100684,13.3,41.1,4,462.7,0,0,63,5,3,0,0
100685,11.1,39.4,3,237.38,1,0,13,5,1,1,0
100686,36.6,7.1,3,293.95,0,0,49,3,2,1,1
100687,32.9,41.6,3,125.17,0,2,31,7,0,2,0
100688,55.6,100.1,2,203.72,0,0,17,1,2,0,1
100689,31.2,31.4,3,298.69,0,0,52,3,3,1,0
100690,38.5,33.5,4,149.11,1,0,61,5,3,1,0
100691,19.8,5.2,5,345.44,0,1,36,2,3,0,0
100692,20.3,15.5,5,170.07,0,0,51,2,1,0,0
100693,14.1,1.3,1,130.98,0,0,80,2,2,2,0
100694,19.9,1.8,5,341.92,0,0,43,5,2,1,0
100695,25.0,120.0,4,159.16,0,0,25,2,2,1,0
100696,52.9,7.1,2,274.62,0,1,68,1,0,0,0
100697,18.3,24.8,2,249.1,1,0,40,3,3,2,0
100698,76.0,29.6,1,390.87,0,0,35,3,2,1,0
100699,40.2,35.1,3,262.7,0,0,42,1,3,2,0
100700,36.1,108.8,5,309.77,0,0,41,5,1,3,1
100701,30.0,5.0,1,53.93,1,0,20,2,0,3,0
100702,27.1,0.7,2,616.49,1,0,54,4,1,2,0
100703,21.6,9.5,3,303.59,1,0,54,5,0,0,0
100704,13.0,2.5,3,253.59,0,1,42,4,2,2,0
100705,18.7,0.4,3,65.7,0,1,52,5,2,0,0
100706,62.3,8.0,3,515.18,1,0,63,4,1,2,0
100707,38.9,27.6,5,222.17,1,0,53,4,1,0,0
100708,62.0,15.0,4,413.52,0,1,34,2,0,1,0
100709,21.3,6.8,3,174.73,1,0,31,6,1,0,1
100710,16.4,19.1,5,221.81,1,0,103,0,2,2,0
100711,29.9,4.8,4,81.26,0,0,54,1,0,0,0
100712,19.0,0.3,1,350.73,0,0,44,0,1,0,0
100713,33.1,26.0,3,218.99,0,1,60,2,3,2,1
100714,11.4,17.6,3,436.45,0,0,36,1,1,1,0
100715,8.2,25.9,1,240.59,1,0,68,2,4,0,0
100716,35.4,0.7,5,451.66,0,0,40,8,1,0,0
100717,63.1,32.7,3,468.67,1,0,18,5,1,0,0
100718,36.2,17.4,2,234.62,1,1,46,2,0,1,0
100719,38.7,14.9,3,163.96,0,1,29,1,0,3,0
100720,30.5,17.6,3,41.62,0,0,43,2,1,1,0
100721,32.0,36.0,3,129.5,1,0,41,5,0,0,0
100722,12.6,15.9,1,768.97,1,0,56,5,2,0,0
100723,19.4,15.7,5,189.49,1,1,88,2,0,3,0
100724,52.6,84.2,1,53.59,0,0,65,4,3,0,1
100725,15.6,25.4,4,81.45,0,0,54,1,1,1,0
100726,24.7,10.5,2,215.53,0,0,50,1,4,0,0
100727,52.1,22.1,3,126.93,1,0,55,1,1,2,0
100728,31.6,8.9,4,250.85,0,0,83,5,2,2,0
100729,32.4,4.7,3,106.83,1,1,59,2,3,0,0
100730,24.8,16.4,8,214.18,0,0,18,4,0,1,0
100731,41.6,47.4,2,677.54,1,0,29,4,2,1,0
100732,46.6,47.6,2,182.81,1,1,73,5,1,0,0
100733,18.9,7.5,1,221.15,0,1,53,4,0,0,0
100734,13.3,13.5,1,211.45,0,0,82,3,3,1,0
100735,9.2,4.3,5,266.58,0,0,63,3,3,0,0
100736,37.8,97.8,2,315.59,0,0,49,3,2,2,0
100737,35.7,71.5,0,279.83,0,1,49,5,3,0,0
100738,86.5,18.9,2,255.04,0,0,36,4,1,0,1
100739,30.6,29.4,5,209.91,0,0,43,3,2,0,0
100740,27.8,22.6,4,363.71,1,1,26,2,3,0,0
100741,33.6,16.2,4,122.92,0,1,32,4,0,1,0
100742,34.5,1.0,4,174.45,0,0,29,5,2,0,0
100743,26.7,10.9,4,81.44,1,1,47,1,0,1,0
100744,19.2,20.2,1,301.73,0,0,38,5,0,3,0
100745,29.8,20.4,3,354.88,1,0,21,5,2,2,0
100746,29.2,8.4,1,132.51,1,0,60,2,3,0,0
100747,29.0,51.2,4,323.34,0,0,39,2,0,3,0
100748,43.7,3.3,4,60.07,0,0,67,2,5,0,0
100749,29.5,12.5,3,120.53,1,0,58,2,1,1,0
100750,13.5,21.1,3,111.14,0,0,109,4,5,0,0
100751,21.0,21.5,3,271.14,0,0,47,3,2,0,0
100752,26.6,18.8,4,172.7,0,0,36,1,5,2,0
100753,30.2,5.8,2,20.0,0,2,32,5,0,0,0
100754,38.2,3.1,3,888.82,0,0,62,2,2,1,0
100755,30.3,18.2,4,182.87,0,1,65,3,4,0,0
100756,8.3,16.5,5,204.29,0,0,47,0,0,2,0
100757,14.4,3.6,2,480.47,1,1,53,1,3,2,0
100758,39.5,22.0,2,139.74,0,0,74,3,2,0,1
100759,26.2,10.9,1,205.25,0,1,64,2,3,1,0
100760,31.7,19.8,2,454.31,0,0,54,2,1,1,0
100761,24.5,32.7,4,181.39,0,0,26,3,4,1,0
100762,20.9,3.3,2,71.71,0,0,33,2,3,1,0
100763,24.9,0.3,2,481.33,0,1,40,3,5,1,0
100764,31.9,27.2,4,254.92,0,0,41,5,1,0,0
100765,29.4,16.9,3,238.97,1,1,34,3,1,1,1
100766,46.4,21.6,4,500.89,0,0,32,5,1,1,0
100767,12.0,32.8,1,248.43,0,0,42,4,1,0,1
100768,13.0,29.2,3,119.81,0,0,50,4,3,2,0
100769,26.0,58.4,6,389.3,0,0,59,4,3,0,0
100770,38.4,13.8,3,196.78,1,2,20,2,0,0,0
100771,42.6,12.1,1,203.83,1,0,38,2,2,0,0
100772,21.4,9.3,3,699.15,0,0,21,5,3,0,0
100773,4.9,3.0,6,338.92,0,0,47,5,5,0,0
100774,21.7,15.3,4,245.42,0,0,47,1,0,3,0
100775,35.8,5.8,4,582.88,1,1,45,3,0,0,0
100776,29.1,45.8,1,95.41,0,0,42,8,2,1,1
100777,39.1,15.8,5,235.28,1,0,38,3,5,0,0
100778,51.7,16.2,0,176.96,1,0,45,6,2,1,0
100779,27.0,7.9,5,149.9,1,0,59,1,1,3,0
100780,23.1,1.0,2,304.17,0,0,40,3,3,0,0
100781,17.8,0.6,0,176.82,0,0,27,2,1,2,0
100782,12.9,9.9,3,286.87,0,0,53,1,0,3,0
100783,10.9,1.6,6,219.34,0,0,65,2,2,1,0
100784,20.2,16.8,3,218.07,0,0,27,3,2,0,0
100785,48.3,38.3,2,141.89,1,0,25,4,2,1,0
100786,41.0,38.6,2,720.21,0,1,26,2,0,2,0
100787,22.5,19.4,2,110.98,0,0,45,2,2,0,0
100788,76.3,4.3,3,176.86,0,0,91,3,3,1,0
100789,21.0,35.8,7,401.14,1,1,85,5,3,0,0
100790,54.1,39.1,0,204.41,1,0,53,3,1,0,0
100791,60.3,3.9,3,278.37,0,0,26,3,0,2,0
100792,37.0,24.1,3,397.05,0,0,84,2,3,0,1
100793,20.1,6.1,4,231.06,0,0,86,1,2,0,0
100794,24.1,29.2,3,20.0,0,0,31,3,1,1,0
100795,32.3,106.1,3,247.72,0,1,47,4,0,0,1
100796,13.2,0.5,3,336.75,1,0,65,2,0,0,0
100797,16.8,41.0,3,309.0,0,0,79,1,3,1,0
100798,16.0,17.5,7,145.59,0,0,44,5,4,0,0
100799,38.3,65.3,2,544.06,0,0,68,2,2,0,1
100800,51.5,11.3,2,70.94,1,2,55,2,0,0,0
100801,41.8,33.8,3,202.58,0,0,54,5,2,1,0
100802,47.4,1.2,3,361.42,0,0,52,1,4,2,0
100803,19.2,7.4,4,112.25,1,0,93,3,3,2,0
100804,24.7,1.2,2,55.6,0,0,48,6,2,0,0
100805,25.7,66.6,3,862.23,1,1,58,4,0,1,0
100806,36.9,30.6,3,391.55,0,0,93,6,0,2,0
100807,20.5,34.5,3,304.4,1,0,60,0,1,0,0
100808,46.0,50.0,2,151.71,0,0,37,3,2,3,0
100809,59.5,1.6,3,237.31,0,0,46,5,2,2,0
100810,37.8,8.8,1,156.83,1,0,33,3,3,0,0
100811,24.1,1.3,5,426.67,0,0,46,4,1,0,0
100812,18.3,4.3,4,367.61,0,0,44,1,0,0,0
100813,16.1,4.7,3,266.08,0,0,40,7,1,0,0
100814,8.3,11.4,4,337.04,0,0,52,2,3,2,0
100815,26.1,5.6,3,288.67,0,0,22,4,4,3,0
100816,25.3,1.9,3,120.57,1,0,102,4,0,0,0
100817,44.6,3.3,4,70.03,1,0,44,1,3,1,0
100818,21.3,2.9,3,365.25,1,0,47,3,8,1,0
100819,26.8,65.1,4,424.8,0,0,83,3,1,0,0
100820,33.9,25.6,2,158.71,0,0,59,6,1,1,0
100821,37.5,61.8,5,625.26,1,0,39,4,1,3,0
100822,42.1,10.4,4,256.75,0,0,42,3,1,0,0
100823,32.2,5.9,2,54.33,0,0,73,3,1,0,0
100824,13.6,28.8,3,343.12,0,1,78,3,5,0,0
100825,35.9,7.1,4,788.36,0,0,37,3,2,0,0
100826,20.4,6.4,4,223.3,0,0,83,4,3,0,0
100827,52.7,4.8,4,287.86,0,0,23,3,3,0,0
100828,29.7,2.5,5,625.8,1,1,87,1,4,1,0
100829,33.2,5.3,2,52.81,0,0,55,4,2,2,0
100830,90.0,7.9,3,79.65,0,0,82,5,1,0,0
100831,42.5,20.2,3,259.38,0,0,62,5,1,0,0
100832,35.6,1.2,3,163.16,0,1,39,3,1,2,0
100833,27.3,4.3,2,259.77,0,0,45,3,2,2,0
100834,14.3,29.8,3,134.85,0,2,39,5,0,0,1
100835,26.2,2.9,2,522.01,1,0,34,3,0,0,0
100836,18.1,7.6,6,355.35,0,0,58,2,0,2,0
100837,63.1,36.0,4,330.46,0,0,20,3,1,0,0
100838,35.8,3.0,2,224.18,0,1,44,1,1,0,0
100839,51.7,1.6,1,208.37,1,0,50,4,0,0,0
100840,20.9,11.9,4,104.27,1,1,20,5,1,0,0
100841,18.9,6.5,4,539.45,1,0,55,3,1,0,0
100842,40.4,14.9,2,322.39,0,2,62,3,0,0,0
100843,17.7,29.3,6,182.33,1,0,58,1,2,2,1
100844,23.1,2.7,3,379.36,0,1,58,2,2,2,0
100845,64.5,15.6,0,375.43,0,0,50,2,3,3,0
100846,23.6,12.7,3,314.39,1,1,30,6,0,0,0
100847,12.5,2.8,1,603.18,1,1,90,5,3,0,0
100848,9.8,17.6,2,468.49,0,0,11,4,2,2,0
100849,11.6,5.8,3,362.82,0,1,44,6,2,1,0
100850,53.2,12.0,2,203.81,0,0,38,4,2,0,0
100851,21.7,1.5,3,193.64,0,0,50,1,3,0,0
100852,88.6,11.1,3,466.4,0,1,33,6,2,0,0
100853,59.9,6.6,2,510.43,1,0,75,2,0,0,0
100854,72.0,31.1,5,838.04,1,0,23,2,0,0,0
100855,48.0,1.1,1,251.04,1,1,36,3,0,3,0
100856,39.4,9.8,3,254.5,1,1,43,5,2,0,0
100857,18.5,11.0,3,97.86,0,0,58,3,2,3,1
100858,29.3,23.2,3,601.05,1,0,59,3,3,2,0
100859,41.3,15.4,4,310.14,0,0,70,1,0,0,0
100860,46.5,19.8,4,622.75,0,0,66,2,4,1,0
100861,15.1,27.0,1,88.2,0,2,44,3,0,1,1
100862,26.5,35.7,4,223.02,0,0,68,1,1,0,0
100863,28.1,6.8,2,213.53,1,1,44,1,4,0,0
100864,27.5,13.9,1,377.81,1,0,22,4,4,1,0
100865,16.3,33.0,3,299.23,0,0,23,2,0,1,1
100866,67.9,81.9,4,331.84,1,0,42,4,2,1,0
100867,26.0,39.7,0,163.37,0,1,29,4,2,1,0
100868,17.0,8.4,4,305.87,1,0,46,1,1,0,0
100869,68.7,3.9,3,374.07,0,0,67,3,1,1,0
100870,59.9,12.1,4,243.03,0,1,40,3,2,0,0
100871,31.5,24.4,0,178.13,0,0,18,1,3,1,1
100872,9.7,12.2,2,115.02,0,3,60,3,0,2,0
100873,22.8,11.9,6,417.49,0,0,38,2,0,1,0
100874,11.1,32.8,4,312.57,1,0,43,5,3,1,0
100875,37.9,8.1,4,879.43,0,0,115,5,0,1,0
100876,21.9,35.4,2,460.68,1,0,70,6,1,1,0
100877,28.9,9.4,1,86.25,1,2,77,3,2,1,0
100878,65.7,7.2,2,89.61,0,0,41,2,2,0,0
100879,21.0,10.9,3,380.08,0,2,104,1,1,3,0
100880,37.1,25.9,2,382.85,1,1,31,2,0,0,0
100881,42.7,2.4,4,231.16,0,0,22,1,1,0,0
100882,52.4,3.9,3,412.37,1,0,112,3,3,0,0
100883,27.8,54.5,3,311.22,0,0,18,4,1,0,0
100884,26.3,3.5,1,267.77,0,0,39,4,0,2,0
100885,26.0,15.1,3,452.89,1,0,61,1,1,0,0
100886,35.3,15.6,4,35.6,0,1,41,1,1,2,0
100887,58.7,12.1,3,576.24,0,0,35,5,2,0,0
100888,25.4,18.6,2,705.63,0,0,48,3,3,0,0
100889,5.7,4.7,2,93.19,1,0,47,0,3,0,0
100890,45.1,14.5,4,381.22,1,0,51,8,3,1,0
100891,30.4,8.4,1,119.39,0,0,81,2,3,2,0
100892,38.0,19.5,4,157.76,0,0,62,5,3,1,0
100893,11.3,2.7,1,160.28,0,0,43,3,3,0,0
100894,22.0,15.2,2,312.03,0,0,54,2,3,3,0
100895,43.3,3.7,1,290.94,0,0,9,7,1,0,0
100896,14.0,5.9,1,211.23,1,1,45,0,1,1,0
100897,37.1,4.4,2,59.55,0,0,56,3,3,0,0
100898,28.8,3.6,4,181.7,0,0,33,4,0,0,0
100899,19.5,31.4,3,576.09,1,0,39,4,1,0,1
100900,18.6,6.1,4,380.71,0,0,70,4,1,0,0
100901,16.4,47.1,2,127.86,0,2,29,8,1,2,0
100902,30.3,63.1,3,272.91,0,0,71,4,2,1,0
100903,32.1,15.2,5,215.6,0,0,93,2,3,2,0
100904,24.1,2.8,5,603.18,1,1,40,1,0,1,0
100905,15.8,8.4,3,215.7,0,0,29,2,3,1,0
100906,36.5,28.8,4,100.92,0,1,34,0,0,1,1
100907,45.5,8.2,4,210.54,1,1,90,4,0,2,0
100908,39.9,1.6,3,605.38,1,1,28,3,0,0,0
100909,73.5,14.6,2,474.22,0,0,29,1,1,0,0
100910,26.6,33.6,3,261.65,0,1,18,3,0,1,0
100911,55.8,28.6,3,121.15,1,1,39,6,1,3,0
100912,20.5,3.5,5,373.59,0,0,52,4,0,3,0
100913,18.7,20.1,3,109.96,1,0,85,1,5,1,0
100914,31.3,4.5,2,293.12,0,0,40,1,2,0,0
100915,61.9,4.4,4,353.64,1,0,60,3,1,0,0
100916,25.1,37.3,4,95.47,0,0,35,3,3,3,0
100917,11.3,5.2,1,214.83,0,0,26,7,3,0,0
100918,45.0,5.5,5,309.98,1,1,80,5,3,0,0
100919,28.2,0.0,2,339.24,0,0,51,7,1,3,0
100920,34.2,36.8,1,348.69,0,0,62,3,4,0,0
100921,19.3,28.3,2,153.04,0,0,50,2,2,1,0
100922,31.1,17.8,5,177.77,0,1,22,4,0,1,0
100923,12.4,25.0,4,182.81,1,2,70,2,1,0,0
100924,68.4,3.0,5,24.78,0,1,34,6,5,0,0
100925,49.2,11.0,4,517.46,1,1,58,3,3,0,0
100926,30.4,7.8,1,219.44,0,1,27,1,1,1,0
100927,44.4,1.8,2,436.96,0,1,28,2,0,1,0
100928,20.5,12.0,1,449.27,0,0,35,6,3,0,0
100929,48.1,45.6,4,697.86,1,0,31,4,2,3,0
100930,24.5,0.7,2,113.12,1,0,26,3,2,0,0
100931,23.6,6.2,2,321.53,0,0,111,4,3,0,0
100932,17.0,4.2,3,225.58,1,1,47,3,0,0,0
100933,36.3,4.9,4,246.9,0,0,20,4,1,0,0
100934,29.7,43.0,2,355.38,0,0,26,2,1,3,0
100935,56.7,11.4,3,158.42,1,0,32,7,4,0,0
100936,15.9,11.3,4,203.4,1,0,37,3,1,0,0
100937,36.4,25.7,2,40.4,1,0,64,4,3,2,0
100938,51.5,3.0,3,163.07,0,0,52,6,4,1,0
100939,89.6,12.0,2,605.72,0,0,47,4,1,0,0
100940,32.4,10.1,5,373.7,0,0,22,2,2,2,0
100941,24.2,16.4,7,350.53,0,0,59,6,1,1,0
100942,32.0,120.0,4,388.29,1,0,22,2,2,0,1
100943,54.5,26.4,2,240.72,0,1,43,3,0,1,0
100944,54.5,9.1,0,451.58,1,0,53,2,2,2,0
100945,27.6,31.6,3,159.53,0,0,54,4,3,1,0
100946,54.0,3.4,3,217.64,0,0,50,6,0,1,0
100947,29.0,0.6,2,214.83,1,0,51,2,1,3,0
100948,44.2,4.1,1,468.52,0,0,49,2,0,1,0
100949,38.5,7.5,7,150.88,1,0,24,6,4,0,0
100950,23.7,12.9,4,204.22,0,0,24,2,3,0,0
100951,17.4,17.2,7,173.06,1,0,67,1,1,1,0
100952,52.2,43.5,4,590.47,0,0,67,6,2,0,0
100953,59.4,12.8,2,449.39,0,1,28,4,0,3,0
100954,36.0,12.5,2,324.71,1,0,50,4,2,0,0
100955,29.0,0.9,4,386.16,1,2,55,2,4,1,0
100956,14.7,0.6,2,125.28,0,0,47,1,6,1,0
100957,51.5,14.4,5,347.05,0,0,71,4,2,1,0
100958,33.9,10.4,4,302.05,0,0,38,5,2,0,0
100959,25.5,32.9,0,147.47,0,0,40,5,3,0,0
100960,44.8,3.2,0,76.42,1,0,72,2,2,1,0
100961,13.2,0.5,4,261.02,1,0,25,2,0,2,0
100962,16.5,10.7,2,246.86,0,0,66,3,2,1,0
100963,20.1,4.9,2,67.44,0,0,87,7,2,0,1
100964,37.9,0.9,5,287.72,1,0,59,3,2,0,0
100965,32.2,23.2,3,375.61,0,0,45,5,4,2,0
100966,40.2,2.1,4,439.68,1,0,25,4,4,3,0
100967,49.8,16.9,0,227.71,0,0,50,2,2,0,0
100968,40.9,5.9,2,281.41,0,0,33,0,0,1,1
100969,69.1,3.4,3,437.42,0,1,41,4,1,0,0
100970,49.8,8.6,3,240.22,1,0,55,0,0,1,0
100971,27.5,29.1,2,153.98,0,1,31,1,2,2,0
100972,21.9,9.0,3,154.69,0,1,27,1,1,0,0
100973,28.0,25.0,2,396.58,1,0,36,6,1,1,0
100974,41.6,2.4,2,278.63,0,0,82,2,2,0,0
100975,23.2,26.7,4,199.74,0,0,55,7,3,0,0
100976,42.2,4.9,4,145.31,0,0,33,4,3,1,0
100977,39.8,20.4,1,197.39,0,1,34,6,2,0,0
100978,17.2,15.0,4,264.58,1,0,76,5,1,1,0
100979,49.3,47.6,1,569.25,1,1,23,1,1,0,0
100980,35.3,8.8,5,476.7,0,0,81,4,1,1,0
100981,67.5,1.2,1,615.05,1,0,30,3,2,0,0
100982,29.0,0.3,4,176.98,0,1,80,5,1,1,0
100983,24.9,31.6,3,58.25,1,0,67,1,1,1,1
100984,16.0,13.4,2,214.37,0,1,29,3,3,3,0
100985,15.8,26.9,2,343.78,0,0,62,5,1,2,0
100986,46.4,4.8,1,293.74,0,0,21,3,2,0,0
100987,64.1,7.6,2,828.58,0,0,72,0,0,0,0
100988,27.8,0.6,1,387.23,0,0,28,2,0,1,0
100989,26.8,58.6,3,165.41,0,1,73,2,1,1,0
100990,30.4,19.8,1,479.86,1,0,24,3,0,0,0
100991,51.0,48.7,1,74.69,0,0,29,4,4,0,1
100992,17.3,5.6,2,184.93,1,0,90,4,2,1,0
100993,33.1,17.0,5,197.1,0,0,58,3,0,2,0
100994,47.0,20.4,6,498.76,1,1,31,0,0,2,0
100995,37.7,6.9,2,306.17,1,0,53,2,5,0,0
100996,4.4,33.9,3,146.78,1,0,52,2,2,0,0
100997,41.0,52.9,5,109.01,1,0,42,9,1,0,0
100998,37.9,38.9,5,335.05,1,1,52,3,1,1,0
100999,55.8,24.2,0,814.66,0,0,76,5,1,2,0
101000,61.6,5.8,3,224.35,0,1,66,3,1,2,0
101001,54.4,6.0,3,67.66,0,0,59,4,1,1,0
101002,30.5,59.5,1,400.94,0,0,30,2,3,0,0
101003,11.0,0.2,1,329.53,0,0,24,0,0,0,0
101004,76.7,22.7,0,177.86,1,1,45,1,0,3,0
101005,26.7,22.1,3,100.81,0,0,67,0,1,0,0
101006,30.0,17.5,2,168.73,0,1,16,2,2,0,0
101007,63.7,83.1,1,247.3,0,1,37,5,2,1,1
101008,19.4,6.7,6,212.74,1,0,57,3,2,1,0
101009,13.4,7.5,0,108.71,0,1,81,3,1,2,1
101010,23.2,1.5,1,97.18,0,1,12,2,2,0,1
101011,20.0,10.5,3,148.96,0,1,45,1,2,1,0
101012,12.6,5.4,2,359.63,1,0,36,3,2,1,0
101013,28.1,7.6,2,200.77,1,1,47,2,0,2,0
101014,30.6,32.4,6,430.36,1,1,59,2,0,2,0
101015,12.2,49.3,3,180.7,1,0,20,3,1,2,1
101016,24.8,3.7,1,386.63,0,1,29,1,0,0,0
101017,19.3,8.4,3,376.62,1,0,31,0,0,2,0
101018,9.0,47.5,4,199.03,0,0,40,3,3,0,0
101019,31.1,1.1,0,624.72,0,0,74,3,2,0,0
101020,32.7,1.7,2,397.76,0,0,28,5,3,0,0
101021,19.3,3.2,1,462.2,0,0,34,2,3,1,0
101022,49.1,16.3,3,385.54,1,0,24,3,2,0,0
101023,29.7,2.9,5,198.6,0,0,40,3,4,2,0
101024,19.8,62.0,4,582.64,1,0,41,2,0,1,0
101025,11.7,10.7,2,412.62,0,1,43,6,0,0,0
101026,33.6,12.5,3,276.4,0,0,118,5,3,1,0
101027,37.8,5.1,3,450.94,0,1,66,3,0,0,0
101028,22.5,11.5,5,480.08,1,1,46,1,0,0,0
101029,31.6,19.5,1,438.77,1,0,59,3,3,1,0
101030,61.6,25.0,4,231.56,0,0,35,4,0,2,0
101031,45.3,25.2,0,115.78,0,1,107,2,4,1,0
101032,7.2,15.5,2,390.81,0,1,68,2,0,2,0
101033,19.6,42.2,2,280.93,1,0,64,3,1,2,0
101034,27.4,30.6,1,116.59,1,0,82,2,3,0,0
101035,30.5,25.5,4,262.49,0,0,95,1,2,1,0
101036,32.0,1.0,5,316.07,1,0,29,1,4,1,0
101037,36.6,0.1,2,270.2,0,1,78,3,4,0,0
101038,27.8,4.3,4,330.3,0,0,57,3,0,2,0
101039,29.6,19.6,4,190.7,1,0,53,3,0,2,0
101040,46.5,9.5,2,217.24,0,2,90,0,0,0,0
101041,34.0,9.3,2,353.67,0,2,30,4,0,3,0
101042,15.1,38.9,3,20.0,0,0,46,3,3,0,0
101043,31.0,40.7,3,108.08,0,0,43,5,2,2,0
101044,27.4,43.2,3,479.61,1,0,56,8,3,0,0
101045,8.9,6.8,4,223.01,0,0,57,3,0,2,0
101046,31.9,21.1,5,387.51,1,0,76,2,2,1,0
101047,16.2,5.7,4,348.44,0,0,48,5,2,1,0
101048,46.8,3.8,4,277.99,0,0,93,3,3,0,0
101049,36.4,3.7,2,219.69,0,1,59,0,1,0,0
101050,14.6,7.5,2,316.4,0,1,28,4,2,0,1
101051,45.8,10.1,5,273.48,1,2,36,1,3,2,0
101052,56.3,32.0,2,86.91,1,0,63,1,4,0,0
101053,25.7,2.3,1,66.44,0,0,57,2,3,1,0
101054,27.3,23.9,2,298.84,1,0,56,1,1,2,0
101055,43.6,13.6,4,132.43,1,1,99,3,0,2,0
101056,54.2,6.1,2,438.29,0,1,73,5,2,0,0
101057,10.5,12.2,4,67.85,1,0,39,4,2,2,0
101058,15.6,6.4,1,410.92,0,0,44,3,2,0,0
101059,23.5,16.3,3,382.01,0,0,38,3,2,1,0
101060,24.9,10.2,5,257.77,0,0,31,4,2,1,0
101061,43.0,3.2,4,44.78,0,0,102,3,1,0,0
101062,54.3,2.2,1,207.39,0,1,57,3,0,0,0
101063,56.3,14.2,2,363.55,0,0,26,2,2,1,0
101064,10.4,41.9,2,30.86,0,1,89,3,3,0,0
101065,18.6,7.6,7,382.3,1,0,33,4,3,2,0
101066,14.2,23.8,2,114.61,1,0,53,2,0,0,0
101067,21.2,19.3,3,77.33,1,0,49,8,4,3,0
101068,18.6,48.3,3,380.21,0,0,22,2,1,1,0
101069,36.3,31.0,6,209.57,0,0,17,1,3,3,0
101070,38.5,15.0,2,307.57,0,0,67,8,3,1,0
101071,29.4,19.3,2,260.67,0,0,80,2,1,2,0
101072,28.0,41.2,2,190.99,0,0,54,3,2,0,0
101073,24.0,9.2,1,47.47,0,1,132,1,3,1,0
101074,25.5,7.1,3,329.62,1,1,35,3,3,0,0
101075,61.3,0.2,5,372.05,1,0,19,6,2,0,0
101076,41.4,31.5,4,292.54,0,1,58,3,0,1,0
101077,24.5,29.1,4,315.91,0,0,29,2,3,1,0
101078,27.7,2.0,3,265.0,1,0,46,2,1,0,0
101079,36.7,15.5,2,208.41,0,0,73,2,1,1,0
101080,14.6,11.2,4,474.86,0,1,37,4,0,1,0
101081,31.6,2.3,3,504.43,0,0,46,3,5,0,0
101082,40.2,70.9,3,629.58,0,0,78,1,4,1,0
101083,37.7,4.4,1,62.31,0,0,43,5,3,1,0
101084,18.8,1.3,4,567.75,1,3,58,2,1,0,0
101085,20.8,16.3,3,268.2,1,1,61,3,0,2,0
101086,8.3,24.2,1,170.14,0,0,44,3,1,1,0
101087,42.3,0.6,1,102.04,0,1,44,5,2,2,0
101088,74.0,19.4,1,373.06,1,1,47,4,1,0,0
101089,17.4,13.7,2,323.83,0,1,35,6,0,2,0
101090,49.6,2.0,3,306.35,0,0,57,4,2,0,0
101091,70.7,3.4,3,326.47,0,0,35,1,2,0,0
101092,22.8,15.1,3,349.87,0,0,37,4,2,0,0
101093,27.7,6.3,1,629.28,1,0,30,2,0,2,0
101094,33.4,50.1,3,286.66,1,0,81,2,3,1,0
101095,37.1,30.7,2,345.99,0,0,24,5,4,0,0
101096,34.3,74.0,1,190.34,0,0,100,2,5,0,0
101097,23.7,5.4,1,677.61,0,0,45,2,1,0,0
101098,39.9,63.0,1,73.79,0,0,39,1,3,0,0
101099,24.0,10.2,4,490.83,1,1,30,4,0,1,0
101100,35.5,7.7,3,295.3,1,0,31,2,3,1,0
101101,28.9,0.9,2,218.56,0,0,35,4,1,3,0
101102,9.7,1.0,2,106.05,1,1,148,0,0,3,0
101103,53.2,21.2,3,379.99,1,0,35,3,1,1,0
101104,21.1,11.0,2,145.88,1,0,59,6,3,0,0
101105,55.8,4.6,4,451.25,0,0,42,3,3,0,0
101106,48.7,17.1,2,229.66,0,0,104,1,1,1,0
101107,32.9,5.2,3,82.52,1,0,52,4,2,1,0
101108,38.1,15.5,5,269.36,0,0,26,0,2,1,0
101109,40.4,8.0,5,254.14,1,0,38,2,0,3,0
101110,26.4,31.2,2,454.42,1,0,122,4,1,2,0
101111,27.1,30.9,1,390.51,1,0,68,1,1,0,0
101112,39.4,11.7,1,100.9,0,0,46,3,2,0,0
101113,29.0,7.8,4,408.23,1,0,30,5,3,2,0
101114,23.8,8.1,1,185.7,0,1,32,2,1,2,0
101115,19.0,29.5,4,176.81,1,0,28,1,2,0,0
101116,36.0,7.2,1,364.63,0,0,21,5,1,1,0
101117,20.7,4.2,5,172.19,0,0,66,1,2,1,0
101118,44.6,1.6,1,537.22,1,0,61,2,1,1,0
101119,46.5,11.3,1,75.65,0,0,50,2,0,0,0
101120,37.9,11.8,2,246.8,0,1,86,2,1,2,0
101121,41.9,33.1,4,250.25,1,1,65,2,0,1,1
101122,38.0,4.5,0,119.9,0,2,24,1,0,0,1
101123,43.4,8.6,4,194.94,0,0,151,2,4,1,0
101124,42.5,29.7,0,183.3,0,0,47,3,1,1,0
101125,35.1,31.2,1,75.96,1,1,69,3,4,2,0
101126,49.0,8.7,3,149.06,1,1,47,0,2,0,0
101127,26.9,11.1,1,226.0,0,1,50,5,0,3,0
101128,19.3,6.5,4,216.48,0,0,21,7,1,0,0
101129,18.8,48.5,3,376.73,0,0,36,3,1,1,0
101130,24.9,2.3,2,508.24,0,0,59,1,1,1,0
101131,8.8,48.9,4,200.96,0,1,44,3,2,0,0
101132,32.7,20.7,7,106.91,0,0,23,1,0,1,0
101133,40.6,13.7,4,316.27,0,0,69,3,0,2,0
101134,46.2,0.6,4,224.91,0,0,43,3,1,1,0
101135,11.0,11.6,3,430.23,1,0,49,1,3,1,0
101136,19.1,9.4,3,228.84,0,0,24,5,5,0,0
101137,44.0,3.2,2,253.13,0,0,20,4,3,0,0
101138,26.5,19.2,2,219.37,0,2,50,0,0,0,0
101139,40.2,63.8,3,545.44,0,0,81,3,1,3,0
101140,14.2,14.9,3,266.76,1,0,68,1,5,2,1
101141,55.5,22.6,2,451.99,1,1,64,11,0,3,0
101142,13.5,1.3,3,200.03,0,0,52,0,2,0,0
101143,3.1,9.7,3,353.71,0,0,26,4,2,1,1
101144,32.2,2.2,3,383.19,0,1,15,3,3,0,0
101145,32.7,17.1,4,204.13,0,0,129,3,4,2,0
101146,22.4,50.2,3,393.7,1,1,43,0,0,0,0
101147,37.3,19.5,8,77.07,0,0,36,1,4,0,0
101148,37.8,1.4,3,288.43,0,0,49,4,0,1,0
101149,35.8,7.9,2,358.61,0,1,30,7,1,0,1
101150,22.2,14.4,4,152.89,0,1,38,1,2,1,0
101151,19.9,9.3,0,178.56,1,0,99,0,2,1,0
101152,23.5,32.3,4,114.8,1,0,55,2,3,1,0
101153,18.5,30.3,2,123.07,1,0,61,4,2,3,0
101154,50.1,17.0,1,141.28,0,1,45,2,3,0,0
101155,24.6,8.4,2,392.48,0,0,76,3,3,1,0
101156,31.8,5.3,1,147.08,0,0,75,3,3,2,0
101157,43.9,2.0,1,52.33,1,1,43,1,1,1,0
101158,18.0,7.9,4,331.71,0,1,47,3,0,0,0
101159,13.2,9.6,3,55.76,0,0,82,2,7,2,0
101160,18.5,20.3,2,236.55,1,0,49,4,1,0,0
101161,33.5,19.3,3,201.86,1,0,40,4,0,0,0
101162,32.4,1.3,3,194.25,1,0,42,2,0,0,0
101163,35.7,9.1,3,85.94,0,0,38,1,2,0,0
101164,27.8,3.6,5,310.2,1,0,48,3,0,0,0
101165,5.6,3.1,4,145.73,0,1,39,2,2,0,0
101166,27.3,31.6,1,376.58,1,0,48,5,1,0,1
101167,46.7,0.8,2,320.18,1,0,34,3,2,0,0
101168,52.6,9.8,3,498.81,0,0,56,3,1,0,0
101169,30.7,3.3,3,259.86,1,0,60,7,2,1,0
101170,32.5,38.1,5,334.21,1,0,64,4,2,0,0
101171,39.8,14.7,2,165.39,0,0,60,2,4,0,0
101172,51.9,4.7,3,57.57,0,0,74,4,1,0,0
101173,29.3,12.6,4,145.72,0,0,50,3,2,0,0
101174,39.5,23.7,2,323.81,1,0,48,3,2,0,0
101175,21.7,57.1,2,284.1,1,0,36,6,3,0,0
101176,14.3,4.5,1,204.59,0,0,67,2,0,1,1
101177,22.9,39.1,3,186.07,0,0,37,0,3,1,0
101178,57.7,49.0,4,109.73,0,0,19,3,3,3,0
101179,39.9,44.7,6,202.07,0,0,35,3,1,1,0
101180,15.1,18.2,2,198.5,0,0,69,1,2,1,0
101181,40.8,17.9,5,484.69,0,0,63,3,1,0,0
101182,15.8,9.3,4,307.51,0,0,53,0,0,2,0
101183,35.5,25.1,7,260.64,0,0,117,2,3,0,0
101184,17.6,13.6,4,275.34,1,0,56,4,3,1,0
101185,14.6,20.4,3,540.49,1,0,32,6,0,0,0
101186,62.4,10.1,2,183.53,1,0,31,3,2,1,0
101187,24.6,23.7,5,166.42,1,0,60,3,2,2,0
101188,39.6,31.3,6,561.48,0,0,88,0,5,3,0
101189,30.0,2.9,2,365.31,0,0,48,7,2,0,0
101190,16.5,32.2,2,157.98,0,0,57,3,0,0,0
101191,26.0,14.0,2,569.3,1,0,58,4,0,2,1
101192,16.6,33.5,1,194.22,1,0,119,5,2,1,0
101193,84.0,10.2,4,194.29,1,0,72,2,2,1,0
101194,43.1,8.6,5,91.77,1,0,80,0,2,1,0
101195,29.7,44.4,5,109.94,1,0,32,1,3,1,1
101196,38.5,5.2,5,413.22,0,0,37,1,1,3,0
101197,41.7,33.5,3,221.43,0,1,36,2,0,1,0
101198,41.8,11.9,5,236.39,0,0,43,2,2,1,0
101199,40.9,13.0,3,484.67,0,1,50,3,0,1,0
101200,39.4,6.6,0,321.87,1,1,55,2,1,2,0
